Workbook

Sheet 1. Dados de Estoque
A1: SISTEMA DE ANÁLISE DE SUPRIMENTOS — Dados de Estoque
A2: Preencha os campos em AZUL. Os demais são calculados automaticamente.
A3: Código | B3: Produto | C3: Categoria | D3: Qtd/Mês | E3: Preço Unit (R$) | F3: Consumo Mensal (R$) | G3: Consumo Anual (R$) | H3: Observações
A4: PRD-001 | B4: Parafuso M8 aço inox | C4: Fixação | D4: 1200 | E4: 0.85 | F4: =D4*E4 -> 1020 | G4: =F4*12 -> 12240
A5: PRD-002 | B5: Motor elétrico 5cv | C5: Equipamentos | D5: 8 | E5: 1850 | F5: =D5*E5 -> 14800 | G5: =F5*12 -> 177600
A6: PRD-003 | B6: Luva de segurança nitrila | C6: EPI | D6: 450 | E6: 4.2 | F6: =D6*E6 -> 1890 | G6: =F6*12 -> 22680
A7: PRD-004 | B7: Chapa de aço 3mm | C7: Matéria-prima | D7: 90 | E7: 320 | F7: =D7*E7 -> 28800 | G7: =F7*12 -> 345600
A8: PRD-005 | B8: Óleo lubrificante 20L | C8: Manutenção | D8: 60 | E8: 145 | F8: =D8*E8 -> 8700 | G8: =F8*12 -> 104400
A9: PRD-006 | B9: Filtro de ar comprimido | C9: Manutenção | D9: 24 | E9: 89 | F9: =D9*E9 -> 2136 | G9: =F9*12 -> 25632
A10: PRD-007 | B10: Correia transportadora 5m | C10: Equipamentos | D10: 12 | E10: 780 | F10: =D10*E10 -> 9360 | G10: =F10*12 -> 112320
A11: PRD-008 | B11: Embalagem caixas 30x20 | C11: Embalagem | D11: 3000 | E11: 0.65 | F11: =D11*E11 -> 1950 | G11: =F11*12 -> 23400
A12: PRD-009 | B12: Sensor de proximidade | C12: Automação | D12: 15 | E12: 210 | F12: =D12*E12 -> 3150 | G12: =F12*12 -> 37800
A13: PRD-010 | B13: Cabo elétrico 6mm (m) | C13: Elétrica | D13: 500 | E13: 8.5 | F13: =D13*E13 -> 4250 | G13: =F13*12 -> 51000
A14: PRD-011 | B14: Tinta epóxi galão | C14: Manutenção | D14: 30 | E14: 95 | F14: =D14*E14 -> 2850 | G14: =F14*12 -> 34200
A15: PRD-012 | B15: Rolamento 6205 | C15: Manutenção | D15: 40 | E15: 42 | F15: =D15*E15 -> 1680 | G15: =F15*12 -> 20160
... A18: PRD-015 | B18: Etiqueta adesiva BOPP | C18: Embalagem | D18: 10000 | E18: 0.12 | F18: =D18*E18 -> 1200 | G18: =F18*12 -> 14400
A19: TOTAL GERAL | F19: =SUM(F4:F18) -> 86626 | G19: =SUM(G4:G18) -> 1039512
A21: LEGENDA: Azul = campos de entrada (editáveis) | Preto = calculado automaticamente

Sheet 2. Curva ABC
A1: CURVA ABC — Classificação por Consumo Anual
A2: Dados importados da aba '1. Dados de Estoque', ordenados manualmente por consumo decrescente.
A3: Rank | B3: Código | C3: Produto | D3: Categoria | E3: Consumo Anual (R$) | F3: % do Total | G3: % Acumulada | H3: Classe ABC | I3: Ação Recomendada
A4: 1 | B4: PRD-004 | C4: Chapa de aço 3mm | D4: Matéria-prima | E4: 345600 | F4: 0.33246369 | G4: 0.33246369 | H4: A | I4: Monitoramento diário — manter estoque mínimo rigoroso
A5: 2 | B5: PRD-002 | C5: Motor elétrico 5cv | D5: Equipamentos | E5: 177600 | F5: 0.1708494 | G5: 0.50331309 | H5: A | I5: Monitoramento diário — manter estoque mínimo rigoroso
A6: 3 | B6: PRD-007 | C6: Correia transportadora 5m | D6: Equipamentos | E6: 112320 | F6: 0.1080507 | G6: 0.61136379 | H6: A | I6: Monitoramento diário — manter estoque mínimo rigoroso
A7: 4 | B7: PRD-005 | C7: Óleo lubrificante 20L | D7: Manutenção | E7: 104400 | F7: 0.10043174 | G7: 0.71179553 | H7: A | I7: Monitoramento diário — manter estoque mínimo rigoroso
A8: 5 | B8: PRD-010 | C8: Cabo elétrico 6mm (m) | D8: Elétrica | E8: 51000 | F8: 0.049061483 | G8: 0.76085702 | H8: A | I8: Monitoramento diário — manter estoque mínimo rigoroso
A9: 6 | B9: PRD-014 | C9: Válvula pneumática 1/4 | D9: Hidráulica | E9: 40800 | F9: 0.039249186 | G9: 0.8001062 | H9: B | I9: Revisão semanal — estoque moderado
A10: 7 | B10: PRD-009 | C10: Sensor de proximidade | D10: Automação | E10: 37800 | F10: 0.036363217 | G10: 0.83646942 | H10: B | I10: Revisão semanal — estoque moderado
A11: 8 | B11: PRD-011 | C11: Tinta epóxi galão | D11: Manutenção | E11: 34200 | F11: 0.032900053 | G11: 0.86936947 | H11: B | I11: Revisão semanal — estoque moderado
A12: 9 | B12: PRD-006 | C12: Filtro de ar comprimido | D12: Manutenção | E12: 25632 | F12: 0.024657724 | G12: 0.8940272 | H12: B | I12: Revisão semanal — estoque moderado
A13: 10 | B13: PRD-008 | C13: Embalagem caixas 30x20 | D13: Embalagem | E13: 23400 | F13: 0.022510563 | G13: 0.91653776 | H13: B | I13: Revisão semanal — estoque moderado
A14: 11 | B14: PRD-003 | C14: Luva de segurança nitrila | D14: EPI | E14: 22680 | F14: 0.02181793 | G14: 0.93835569 | H14: B | I14: Revisão semanal — estoque moderado
A15: 12 | B15: PRD-012 | C15: Rolamento 6205 | D15: Manutenção | E15: 20160 | F15: 0.019393716 | G15: 0.95774941 | H15: C | I15: Revisão mensal — pode ter estoque mais amplo
... A18: 15 | B18: PRD-001 | C18: Parafuso M8 aço inox | D18: Fixação | E18: 12240 | F18: 0.011774756 | G18: 1 | H18: C | I18: Revisão mensal — pode ter estoque mais amplo
A19: TOTAL | E19: =SUM(E4:E18) -> 1039512 | F19: =SUM(F4:F18) -> 1

Sheet 3. Dashboard Resumo
A1: DASHBOARD — Resumo Gerencial de Suprimentos
B3: Indicador | C3: Valor | D3: Descrição
B4: Total de itens cadastrados | C4: =COUNTA('1. Dados de Estoque'!B4:B18) -> 15 | D4: Total de SKUs no sistema
B5: Consumo mensal total (R$) | C5: =SUM('1. Dados de Estoque'!F4:F18) -> 86626 | D5: Soma de todos os consumos mensais
B6: Consumo anual total (R$) | C6: =SUM('1. Dados de Estoque'!G4:G18) -> 1039512 | D6: Soma de todos os consumos anuais
B7: Itens Classe A | C7: =COUNTIF('2. Curva ABC'!H4:H18,"A") -> 5 | D7: Requerem monitoramento diário
B8: Itens Classe B | C8: =COUNTIF('2. Curva ABC'!H4:H18,"B") -> 6 | D8: Requerem revisão semanal
B9: Itens Classe C | C9: =COUNTIF('2. Curva ABC'!H4:H18,"C") -> 4 | D9: Requerem revisão mensal
B10: Gasto com Classe A (R$) | C10: =SUMIF('2. Curva ABC'!H4:H18,"A",'2. Curva ABC'!E4:E18) -> 790920 | D10: 80% do orçamento de compras
B11: % gasto com Classe A | C11: =SUMIF('2. Curva ABC'!H4:H18,"A",'2. Curva ABC'!E4:E18)/SUM('2. Curva ABC'!E4:E18) -> 0.76085702 | D11: Regra dos 80%
B14: GASTO POR CATEGORIA
B15: Categoria | C15: Consumo Anual (R$) | D15: % do Total
B16: Automação | C16: 37800 | D16: 0.036363217
B17: EPI | C17: 22680 | D17: 0.02181793
B18: Elétrica | C18: 51000 | D18: 0.049061483
B19: Embalagem | C19: 37800 | D19: 0.036363217
B20: Equipamentos | C20: 289920 | D20: 0.2789001
B21: Fixação | C21: 12240 | D21: 0.011774756
B22: Hidráulica | C22: 58080 | D22: 0.055872371
B23: Manutenção | C23: 184392 | D23: 0.17738323
B24: Matéria-prima | C24: 345600 | D24: 0.33246369

Sheet 4. Guia do Projeto
A1: GUIA DO PROJETO — Como reproduzir em Python
A3: ETAPA 1 — Ler os dados [analise.py]
A4: import pandas as pd
A5: df = pd.read_excel('dados/compras.xlsx', sheet_name='1. Dados de Estoque')
A6: df = df.dropna(subset=['Produto'])
A7: print(df.head())
A9: ETAPA 2 — Calcular consumo anual [analise.py]
A10: df['consumo_anual'] = df['Qtd/Mes'] * df['Preco Unit (R$)'] * 12
A11: total = df['consumo_anual'].sum()
A12: print(f'Total anual: R$ {total:,.2f}')
A14: ETAPA 3 — Calcular Curva ABC [analise.py]
A15: df = df.sort_values('consumo_anual', ascending=False)
... A37: print(resposta.choices[0].message.content)
